

-- -----------------------------------------------------
-- 1. Guests
-- -----------------------------------------------------
INSERT INTO guest (guest_id, first_name, last_name, email, phone) VALUES
( 1, 'First1',  'Last1',  'user1@example.com',  '555-01001'),
( 2, 'First2',  'Last2',  'user2@example.com',  '555-01002'),
( 3, 'First3',  'Last3',  'user3@example.com',  '555-01003'),
( 4, 'First4',  'Last4',  'user4@example.com',  '555-01004'),
( 5, 'First5',  'Last5',  'user5@example.com',  '555-01005'),
( 6, 'First6',  'Last6',  'user6@example.com',  '555-01006'),
( 7, 'First7',  'Last7',  'user7@example.com',  '555-01007'),
( 8, 'First8',  'Last8',  'user8@example.com',  '555-01008'),
( 9, 'First9',  'Last9',  'user9@example.com',  '555-01009'),
(10, 'First10', 'Last10', 'user10@example.com', '555-01010'),
(11, 'First11', 'Last11', 'user11@example.com', '555-01011'),
(12, 'First12', 'Last12', 'user12@example.com', '555-01012'),
(13, 'First13', 'Last13', 'user13@example.com', '555-01013'),
(14, 'First14', 'Last14', 'user14@example.com', '555-01014'),
(15, 'First15', 'Last15', 'user15@example.com', '555-01015'),
(16, 'First16', 'Last16', 'user16@example.com', '555-01016'),
(17, 'First17', 'Last17', 'user17@example.com', '555-01017'),
(18, 'First18', 'Last18', 'user18@example.com', '555-01018'),
(19, 'First19', 'Last19', 'user19@example.com', '555-01019'),
(20, 'First20', 'Last20', 'user20@example.com', '555-01020'),
(21, 'First21', 'Last21', 'user21@example.com', '555-01021'),
(22, 'First22', 'Last22', 'user22@example.com', '555-01022'),
(23, 'First23', 'Last23', 'user23@example.com', '555-01023'),
(24, 'First24', 'Last24', 'user24@example.com', '555-01024'),
(25, 'First25', 'Last25', 'user25@example.com', '555-01025'),
(26, 'First26', 'Last26', 'user26@example.com', '555-01026'),
(27, 'First27', 'Last27', 'user27@example.com', '555-01027'),
(28, 'First28', 'Last28', 'user28@example.com', '555-01028'),
(29, 'First29', 'Last29', 'user29@example.com', '555-01029'),
(30, 'First30', 'Last30', 'user30@example.com', '555-01030'),
(31, 'First31', 'Last31', 'user31@example.com', '555-01031'),
(32, 'First32', 'Last32', 'user32@example.com', '555-01032'),
(33, 'First33', 'Last33', 'user33@example.com', '555-01033'),
(34, 'First34', 'Last34', 'user34@example.com', '555-01034'),
(35, 'First35', 'Last35', 'user35@example.com', '555-01035'),
(36, 'First36', 'Last36', 'user36@example.com', '555-01036'),
(37, 'First37', 'Last37', 'user37@example.com', '555-01037'),
(38, 'First38', 'Last38', 'user38@example.com', '555-01038'),
(39, 'First39', 'Last39', 'user39@example.com', '555-01039'),
(40, 'First40', 'Last40', 'user40@example.com', '555-01040'),
(41, 'First41', 'Last41', 'user41@example.com', '555-01041'),
(42, 'First42', 'Last42', 'user42@example.com', '555-01042'),
(43, 'First43', 'Last43', 'user43@example.com', '555-01043'),
(44, 'First44', 'Last44', 'user44@example.com', '555-01044'),
(45, 'First45', 'Last45', 'user45@example.com', '555-01045'),
(46, 'First46', 'Last46', 'user46@example.com', '555-01046'),
(47, 'First47', 'Last47', 'user47@example.com', '555-01047'),
(48, 'First48', 'Last48', 'user48@example.com', '555-01048'),
(49, 'First49', 'Last49', 'user49@example.com', '555-01049'),
(50, 'First50', 'Last50', 'user50@example.com', '555-01050')
;

-- -----------------------------------------------------
-- 2. Room Types
-- -----------------------------------------------------
INSERT INTO room_type (room_type_id, name, description, capacity, rate_per_night) VALUES
( 1, 'Type 1',  'Descripción del tipo de habitación 1',  2, 105.00),
( 2, 'Type 2',  'Descripción del tipo de habitación 2',  3, 110.00),
( 3, 'Type 3',  'Descripción del tipo de habitación 3',  4, 115.00),
( 4, 'Type 4',  'Descripción del tipo de habitación 4',  1, 120.00),
( 5, 'Type 5',  'Descripción del tipo de habitación 5',  2, 125.00),
( 6, 'Type 6',  'Descripción del tipo de habitación 6',  3, 130.00),
( 7, 'Type 7',  'Descripción del tipo de habitación 7',  4, 135.00),
( 8, 'Type 8',  'Descripción del tipo de habitación 8',  1, 140.00),
( 9, 'Type 9',  'Descripción del tipo de habitación 9',  2, 145.00),
(10, 'Type 10', 'Descripción del tipo de habitación 10', 3, 150.00),
(11, 'Type 11', 'Descripción del tipo de habitación 11', 4, 155.00),
(12, 'Type 12', 'Descripción del tipo de habitación 12', 1, 160.00),
(13, 'Type 13', 'Descripción del tipo de habitación 13', 2, 165.00),
(14, 'Type 14', 'Descripción del tipo de habitación 14', 3, 170.00),
(15, 'Type 15', 'Descripción del tipo de habitación 15', 4, 175.00),
(16, 'Type 16', 'Descripción del tipo de habitación 16', 1, 180.00),
(17, 'Type 17', 'Descripción del tipo de habitación 17', 2, 185.00),
(18, 'Type 18', 'Descripción del tipo de habitación 18', 3, 190.00),
(19, 'Type 19', 'Descripción del tipo de habitación 19', 4, 195.00),
(20, 'Type 20', 'Descripción del tipo de habitación 20', 1, 200.00),
(21, 'Type 21', 'Descripción del tipo de habitación 21', 2, 205.00),
(22, 'Type 22', 'Descripción del tipo de habitación 22', 3, 210.00),
(23, 'Type 23', 'Descripción del tipo de habitación 23', 4, 215.00),
(24, 'Type 24', 'Descripción del tipo de habitación 24', 1, 220.00),
(25, 'Type 25', 'Descripción del tipo de habitación 25', 2, 225.00),
(26, 'Type 26', 'Descripción del tipo de habitación 26', 3, 230.00),
(27, 'Type 27', 'Descripción del tipo de habitación 27', 4, 235.00),
(28, 'Type 28', 'Descripción del tipo de habitación 28', 1, 240.00),
(29, 'Type 29', 'Descripción del tipo de habitación 29', 2, 245.00),
(30, 'Type 30', 'Descripción del tipo de habitación 30', 3, 250.00),
(31, 'Type 31', 'Descripción del tipo de habitación 31', 4, 255.00),
(32, 'Type 32', 'Descripción del tipo de habitación 32', 1, 260.00),
(33, 'Type 33', 'Descripción del tipo de habitación 33', 2, 265.00),
(34, 'Type 34', 'Descripción del tipo de habitación 34', 3, 270.00),
(35, 'Type 35', 'Descripción del tipo de habitación 35', 4, 275.00),
(36, 'Type 36', 'Descripción del tipo de habitación 36', 1, 280.00),
(37, 'Type 37', 'Descripción del tipo de habitación 37', 2, 285.00),
(38, 'Type 38', 'Descripción del tipo de habitación 38', 3, 290.00),
(39, 'Type 39', 'Descripción del tipo de habitación 39', 4, 295.00),
(40, 'Type 40', 'Descripción del tipo de habitación 40', 1, 300.00),
(41, 'Type 41', 'Descripción del tipo de habitación 41', 2, 305.00),
(42, 'Type 42', 'Descripción del tipo de habitación 42', 3, 310.00),
(43, 'Type 43', 'Descripción del tipo de habitación 43', 4, 315.00),
(44, 'Type 44', 'Descripción del tipo de habitación 44', 1, 320.00),
(45, 'Type 45', 'Descripción del tipo de habitación 45', 2, 325.00),
(46, 'Type 46', 'Descripción del tipo de habitación 46', 3, 330.00),
(47, 'Type 47', 'Descripción del tipo de habitación 47', 4, 335.00),
(48, 'Type 48', 'Descripción del tipo de habitación 48', 1, 340.00),
(49, 'Type 49', 'Descripción del tipo de habitación 49', 2, 345.00),
(50, 'Type 50', 'Descripción del tipo de habitación 50', 3, 350.00)
;

-- -----------------------------------------------------
-- 3. Rooms
-- -----------------------------------------------------
INSERT INTO room (room_id, room_number, room_type_id, floor, status) VALUES
( 1, 'R001',  1, 0, 'available'),
( 2, 'R002',  2, 0, 'occupied'),
( 3, 'R003',  3, 0, 'maintenance'),
( 4, 'R004',  4, 0, 'out_of_service'),
( 5, 'R005',  5, 0, 'available'),
( 6, 'R006',  6, 0, 'occupied'),
( 7, 'R007',  7, 0, 'maintenance'),
( 8, 'R008',  8, 0, 'out_of_service'),
( 9, 'R009',  9, 0, 'available'),
(10, 'R010', 10, 0, 'occupied'),
(11, 'R011', 11, 1, 'maintenance'),
(12, 'R012', 12, 1, 'out_of_service'),
(13, 'R013', 13, 1, 'available'),
(14, 'R014', 14, 1, 'occupied'),
(15, 'R015', 15, 1, 'maintenance'),
(16, 'R016', 16, 1, 'out_of_service'),
(17, 'R017', 17, 1, 'available'),
(18, 'R018', 18, 1, 'occupied'),
(19, 'R019', 19, 1, 'maintenance'),
(20, 'R020', 20, 1, 'out_of_service'),
(21, 'R021', 21, 2, 'available'),
(22, 'R022', 22, 2, 'occupied'),
(23, 'R023', 23, 2, 'maintenance'),
(24, 'R024', 24, 2, 'out_of_service'),
(25, 'R025', 25, 2, 'available'),
(26, 'R026', 26, 2, 'occupied'),
(27, 'R027', 27, 2, 'maintenance'),
(28, 'R028', 28, 2, 'out_of_service'),
(29, 'R029', 29, 2, 'available'),
(30, 'R030', 30, 2, 'occupied'),
(31, 'R031', 31, 3, 'maintenance'),
(32, 'R032', 32, 3, 'out_of_service'),
(33, 'R033', 33, 3, 'available'),
(34, 'R034', 34, 3, 'occupied'),
(35, 'R035', 35, 3, 'maintenance'),
(36, 'R036', 36, 3, 'out_of_service'),
(37, 'R037', 37, 3, 'available'),
(38, 'R038', 38, 3, 'occupied'),
(39, 'R039', 39, 3, 'maintenance'),
(40, 'R040', 40, 3, 'out_of_service'),
(41, 'R041', 41, 4, 'available'),
(42, 'R042', 42, 4, 'occupied'),
(43, 'R043', 43, 4, 'maintenance'),
(44, 'R044', 44, 4, 'out_of_service'),
(45, 'R045', 45, 4, 'available'),
(46, 'R046', 46, 4, 'occupied'),
(47, 'R047', 47, 4, 'maintenance'),
(48, 'R048', 48, 4, 'out_of_service'),
(49, 'R049', 49, 4, 'available'),
(50, 'R050', 50, 4, 'occupied')
;

-- -----------------------------------------------------
-- 4. Amenities
-- -----------------------------------------------------
INSERT INTO amenity (amenity_id, name, description, charge) VALUES
( 1, 'Amenity 1',  'Descripción del servicio 1',  2.00),
( 2, 'Amenity 2',  'Descripción del servicio 2',  4.00),
( 3, 'Amenity 3',  'Descripción del servicio 3',  6.00),
( 4, 'Amenity 4',  'Descripción del servicio 4',  8.00),
( 5, 'Amenity 5',  'Descripción del servicio 5', 10.00),
( 6, 'Amenity 6',  'Descripción del servicio 6', 12.00),
( 7, 'Amenity 7',  'Descripción del servicio 7', 14.00),
( 8, 'Amenity 8',  'Descripción del servicio 8', 16.00),
( 9, 'Amenity 9',  'Descripción del servicio 9', 18.00),
(10, 'Amenity 10', 'Descripción del servicio 10', 20.00),
(11, 'Amenity 11', 'Descripción del servicio 11', 22.00),
(12, 'Amenity 12', 'Descripción del servicio 12', 24.00),
(13, 'Amenity 13', 'Descripción del servicio 13', 26.00),
(14, 'Amenity 14', 'Descripción del servicio 14', 28.00),
(15, 'Amenity 15', 'Descripción del servicio 15', 30.00),
(16, 'Amenity 16', 'Descripción del servicio 16', 32.00),
(17, 'Amenity 17', 'Descripción del servicio 17', 34.00),
(18, 'Amenity 18', 'Descripción del servicio 18', 36.00),
(19, 'Amenity 19', 'Descripción del servicio 19', 38.00),
(20, 'Amenity 20', 'Descripción del servicio 20', 40.00),
(21, 'Amenity 21', 'Descripción del servicio 21', 42.00),
(22, 'Amenity 22', 'Descripción del servicio 22', 44.00),
(23, 'Amenity 23', 'Descripción del servicio 23', 46.00),
(24, 'Amenity 24', 'Descripción del servicio 24', 48.00),
(25, 'Amenity 25', 'Descripción del servicio 25', 50.00),
(26, 'Amenity 26', 'Descripción del servicio 26', 52.00),
(27, 'Amenity 27', 'Descripción del servicio 27', 54.00),
(28, 'Amenity 28', 'Descripción del servicio 28', 56.00),
(29, 'Amenity 29', 'Descripción del servicio 29', 58.00),
(30, 'Amenity 30', 'Descripción del servicio 30', 60.00),
(31, 'Amenity 31', 'Descripción del servicio 31', 62.00),
(32, 'Amenity 32', 'Descripción del servicio 32', 64.00),
(33, 'Amenity 33', 'Descripción del servicio 33', 66.00),
(34, 'Amenity 34', 'Descripción del servicio 34', 68.00),
(35, 'Amenity 35', 'Descripción del servicio 35', 70.00),
(36, 'Amenity 36', 'Descripción del servicio 36', 72.00),
(37, 'Amenity 37', 'Descripción del servicio 37', 74.00),
(38, 'Amenity 38', 'Descripción del servicio 38', 76.00),
(39, 'Amenity 39', 'Descripción del servicio 39', 78.00),
(40, 'Amenity 40', 'Descripción del servicio 40', 80.00),
(41, 'Amenity 41', 'Descripción del servicio 41', 82.00),
(42, 'Amenity 42', 'Descripción del servicio 42', 84.00),
(43, 'Amenity 43', 'Descripción del servicio 43', 86.00),
(44, 'Amenity 44', 'Descripción del servicio 44', 88.00),
(45, 'Amenity 45', 'Descripción del servicio 45', 90.00),
(46, 'Amenity 46', 'Descripción del servicio 46', 92.00),
(47, 'Amenity 47', 'Descripción del servicio 47', 94.00),
(48, 'Amenity 48', 'Descripción del servicio 48', 96.00),
(49, 'Amenity 49', 'Descripción del servicio 49', 98.00),
(50, 'Amenity 50', 'Descripción del servicio 50',100.00)
;

-- -----------------------------------------------------
-- 5. Room_Amenity (asociaciones)
-- Cada habitación con 1–3 amenities distintas
-- -----------------------------------------------------
INSERT INTO room_amenity (room_id, amenity_id) VALUES
(  1,  1),(  1, 25),
(  2,  4),(  2, 13),(  2, 47),
(  3, 12),
(  4, 14),(  4, 30),
(  5,  9),
(  6, 33),(  6, 42),
(  7,  2),(  7, 18),(  7, 29),
(  8,  7),
(  9, 21),(  9, 39),
( 10, 11),( 10, 15),( 10, 23),
( 11, 19),
( 12,  3),( 12, 27),
( 13,  5),( 13, 16),
( 14,  6),
( 15, 10),( 15, 37),( 15, 48),
( 16, 20),
( 17,  8),( 17, 22),
( 18, 17),( 18, 31),( 18, 44),
( 19, 12),( 19, 24),( 19, 29),
( 20, 29),
( 21, 13),( 21, 27),
( 22,  3),
( 23, 47),( 23, 29),( 23, 48),
( 24, 31),( 24, 35),
( 25, 27),
( 26, 22),( 26, 23),
( 27,  1),( 27, 28),
( 28, 18),
( 29,  6),( 29, 14),( 29, 41),
( 30,  2),
( 31,  9),( 31, 36),( 31, 49),
( 32,  5),
( 33, 11),( 33, 17),
( 34, 13),
( 35, 16),( 35, 26),( 35, 38),
( 36,  4),
( 37,  7),( 37, 25),( 37, 32),
( 38, 10),
( 39,  3),( 39, 19),( 39, 45),
( 40, 12),
( 41, 14),( 41, 20),
( 42, 18),( 42, 30),( 42, 47),
( 43,  8),
( 44, 15),( 44, 34),
( 45, 22),
( 46, 11),( 46, 28),( 46, 46),
( 47,  1),
( 48,  6),( 48, 23),
( 49, 17),( 49, 40),
( 50,  9),( 50, 28),( 50, 50)
;

-- -----------------------------------------------------
-- 6. Reservations
-- -----------------------------------------------------
INSERT INTO reservation (reservation_id, guest_id, room_id, start_date, end_date, status) VALUES
( 1,  1,  1, '2025-05-19', '2025-05-21', 'booked'),
( 2,  2,  2, '2025-05-20', '2025-05-22', 'checked_in'),
( 3,  3,  3, '2025-05-21', '2025-05-24', 'checked_out'),
( 4,  4,  4, '2025-05-22', '2025-05-25', 'cancelled'),
( 5,  5,  5, '2025-05-23', '2025-05-24', 'booked'),
( 6,  6,  6, '2025-05-24', '2025-05-28', 'checked_in'),
( 7,  7,  7, '2025-05-25', '2025-05-29', 'checked_out'),
( 8,  8,  8, '2025-05-26', '2025-05-28', 'cancelled'),
( 9,  9,  9, '2025-05-27', '2025-05-28', 'booked'),
(10, 10, 10, '2025-05-28', '2025-06-01', 'checked_in'),
(11, 11, 11, '2025-05-29', '2025-06-02', 'checked_out'),
(12, 12, 12, '2025-05-30', '2025-06-03', 'cancelled'),
(13, 13, 13, '2025-05-19', '2025-05-20', 'booked'),
(14, 14, 14, '2025-05-20', '2025-05-22', 'checked_in'),
(15, 15, 15, '2025-05-21', '2025-05-23', 'checked_out'),
(16, 16, 16, '2025-05-22', '2025-05-25', 'cancelled'),
(17, 17, 17, '2025-05-23', '2025-05-24', 'booked'),
(18, 18, 18, '2025-05-24', '2025-05-27', 'checked_in'),
(19, 19, 19, '2025-05-25', '2025-05-29', 'checked_out'),
(20, 20, 20, '2025-05-26', '2025-05-27', 'cancelled'),
(21, 21, 21, '2025-05-27', '2025-05-29', 'booked'),
(22, 22, 22, '2025-05-28', '2025-06-02', 'checked_in'),
(23, 23, 23, '2025-05-29', '2025-06-01', 'checked_out'),
(24, 24, 24, '2025-05-30', '2025-06-03', 'cancelled'),
(25, 25, 25, '2025-05-19', '2025-05-20', 'booked'),
(26, 26, 26, '2025-05-20', '2025-05-23', 'checked_in'),
(27, 27, 27, '2025-05-21', '2025-05-22', 'checked_out'),
(28, 28, 28, '2025-05-22', '2025-05-26', 'cancelled'),
(29, 29, 29, '2025-05-23', '2025-05-24', 'booked'),
(30, 30, 30, '2025-05-24', '2025-05-28', 'checked_in'),
(31, 31, 31, '2025-05-25', '2025-05-27', 'checked_out'),
(32, 32, 32, '2025-05-26', '2025-05-29', 'cancelled'),
(33, 33, 33, '2025-05-27', '2025-06-01', 'booked'),
(34, 34, 34, '2025-05-28', '2025-06-02', 'checked_in'),
(35, 35, 35, '2025-05-29', '2025-06-03', 'checked_out'),
(36, 36, 36, '2025-05-30', '2025-06-02', 'cancelled'),
(37, 37, 37, '2025-05-19', '2025-05-20', 'booked'),
(38, 38, 38, '2025-05-20', '2025-05-23', 'checked_in'),
(39, 39, 39, '2025-05-21', '2025-05-22', 'checked_out'),
(40, 40, 40, '2025-05-22', '2025-05-25', 'cancelled'),
(41, 41, 41, '2025-05-23', '2025-05-24', 'booked'),
(42, 42, 42, '2025-05-24', '2025-05-28', 'checked_in'),
(43, 43, 43, '2025-05-25', '2025-05-29', 'checked_out'),
(44, 44, 44, '2025-05-26', '2025-05-27', 'cancelled'),
(45, 45, 45, '2025-05-27', '2025-05-28', 'booked'),
(46, 46, 46, '2025-05-28', '2025-06-01', 'checked_in'),
(47, 47, 47, '2025-05-29', '2025-06-02', 'checked_out'),
(48, 48, 48, '2025-05-30', '2025-06-04', 'cancelled'),
(49, 49, 49, '2025-05-19', '2025-05-20', 'booked'),
(50, 50, 50, '2025-05-20', '2025-05-21', 'checked_in')
;

-- -----------------------------------------------------
-- 7. Payments
-- -----------------------------------------------------
INSERT INTO payment (payment_id, reservation_id, paid_amount, paid_date, payment_method, receipt_number) VALUES
( 1,  1,  60.00, '2025-05-18', 'card',   'RCPT-0001'),
( 2,  2,  70.00, '2025-05-17', 'cash',   'RCPT-0002'),
( 3,  3,  80.00, '2025-05-16', 'online', 'RCPT-0003'),
( 4,  4,  90.00, '2025-05-15', 'card',   'RCPT-0004'),
( 5,  5, 100.00, '2025-05-14', 'cash',   'RCPT-0005'),
( 6,  6, 110.00, '2025-05-13', 'online', 'RCPT-0006'),
( 7,  7, 120.00, '2025-05-12', 'card',   'RCPT-0007'),
( 8,  8, 130.00, '2025-05-11', 'cash',   'RCPT-0008'),
( 9,  9, 140.00, '2025-05-10', 'online', 'RCPT-0009'),
(10, 10, 150.00, '2025-05-09', 'card',   'RCPT-0010'),
(11, 11, 160.00, '2025-05-08', 'cash',   'RCPT-0011'),
(12, 12, 170.00, '2025-05-07', 'online', 'RCPT-0012'),
(13, 13, 180.00, '2025-05-06', 'card',   'RCPT-0013'),
(14, 14, 190.00, '2025-05-05', 'cash',   'RCPT-0014'),
(15, 15, 200.00, '2025-05-04', 'online', 'RCPT-0015'),
(16, 16, 210.00, '2025-05-03', 'card',   'RCPT-0016'),
(17, 17, 220.00, '2025-05-02', 'cash',   'RCPT-0017'),
(18, 18, 230.00, '2025-05-01', 'online', 'RCPT-0018'),
(19, 19, 240.00, '2025-04-30', 'card',   'RCPT-0019'),
(20, 20, 250.00, '2025-04-29', 'cash',   'RCPT-0020'),
(21, 21, 260.00, '2025-04-28', 'online', 'RCPT-0021'),
(22, 22, 270.00, '2025-04-27', 'card',   'RCPT-0022'),
(23, 23, 280.00, '2025-04-26', 'cash',   'RCPT-0023'),
(24, 24, 290.00, '2025-04-25', 'online', 'RCPT-0024'),
(25, 25, 300.00, '2025-04-24', 'card',   'RCPT-0025'),
(26, 26, 310.00, '2025-04-23', 'cash',   'RCPT-0026'),
(27, 27, 320.00, '2025-04-22', 'online', 'RCPT-0027'),
(28, 28, 330.00, '2025-04-21', 'card',   'RCPT-0028'),
(29, 29, 340.00, '2025-04-20', 'cash',   'RCPT-0029'),
(30, 30, 350.00, '2025-04-19', 'online', 'RCPT-0030'),
(31, 31, 360.00, '2025-04-18', 'card',   'RCPT-0031'),
(32, 32, 370.00, '2025-04-17', 'cash',   'RCPT-0032'),
(33, 33, 380.00, '2025-04-16', 'online', 'RCPT-0033'),
(34, 34, 390.00, '2025-04-15', 'card',   'RCPT-0034'),
(35, 35, 400.00, '2025-04-14', 'cash',   'RCPT-0035'),
(36, 36, 410.00, '2025-04-13', 'online', 'RCPT-0036'),
(37, 37, 420.00, '2025-04-12', 'card',   'RCPT-0037'),
(38, 38, 430.00, '2025-04-11', 'cash',   'RCPT-0038'),
(39, 39, 440.00, '2025-04-10', 'online', 'RCPT-0039'),
(40, 40, 450.00, '2025-04-09', 'card',   'RCPT-0040'),
(41, 41, 460.00, '2025-04-08', 'cash',   'RCPT-0041'),
(42, 42, 470.00, '2025-04-07', 'online', 'RCPT-0042'),
(43, 43, 480.00, '2025-04-06', 'card',   'RCPT-0043'),
(44, 44, 490.00, '2025-04-05', 'cash',   'RCPT-0044'),
(45, 45, 500.00, '2025-04-04', 'online', 'RCPT-0045'),
(46, 46, 510.00, '2025-04-03', 'card',   'RCPT-0046'),
(47, 47, 520.00, '2025-04-02', 'cash',   'RCPT-0047'),
(48, 48, 530.00, '2025-04-01', 'online', 'RCPT-0048'),
(49, 49, 540.00, '2025-03-31', 'card',   'RCPT-0049'),
(50, 50, 550.00, '2025-03-30', 'cash',   'RCPT-0050')
;
